comment_content,comment_rate,comment_time,comment_vote,comment_author
这居然是我今年看过的国产剧里，演员演技最好的一部，这还只是群孩子啊！！。。。,allstar40 rating,2017-08-30 00:28:00,73,烟波人长安
从《白蛇传》到《放开那三国》，不敢说电影制作有多精良、小演员演技有多炸裂，最关键的其实是导演有这个创意，孩子们喜欢演戏并且演的并不差，观众们也愿意捧场，那些臆测制作者“用孩子圈钱”的言论，可以休矣。,allstar40 rating,2017-09-06 11:59:55,39,康报虹
一颦一笑古典灵动，跳舞弹琴眼波飞扬。,allstar40 rating,2017-09-01 23:09:45,31,低首尘埃
这些熊孩子，才是真小鲜肉啊，演技神好，路人甲老敬业了。,allstar50 rating,2017-08-31 19:53:40,58,半辈子
孩子演的，给孩子看。一方面别人的孩子锻炼了演技。一方面，自己的孩子了解了历史和名著。我娃很喜欢。,allstar50 rating,2017-08-31 20:57:11,48,李荷西
小曹操这演技牛逼啊，眼神老到位了，几下就演出那种奸雄的赶脚。这小演员完爆小鲜肉啊。从小拍拍戏不比打王者荣耀强多了？,allstar50 rating,2017-08-31 18:33:21,48,春暖花开王高兴
小孩子们的演技都超厉害的，貂蝉最美。,allstar50 rating,2017-09-04 23:31:26,22,承泽明
看来导演是有老版三国情怀的，小朋友们承包了不少演技，特别是喝血酒确实惊艳了一番，可赞可看，但5集就够了，头两集比较新鲜，新鲜劲过了，就两码事了，剧长尺度把握的不错，人物方面特别觉得貂蝉会比较有前途，可以好好发展！国产剧很多成年演员会否汗颜，你们的演技原来只有小孩子的水平。甚至不如~,allstar30 rating,2017-09-07 17:58:25,8,潇雨
什么鬼，利用小孩子圈钱,allstar20 rating,2017-08-30 12:49:43,9,乌云上的银边
小樱桃和演曹操的前途无量。,allstar40 rating,2017-08-31 12:04:11,32,埃米
⒈其实应该叫《小戏骨：貂蝉传》；⒉还是觉得儿戏，尽管小朋友们有模有样的演大人让我蜜汁尴尬，可我还是时常被他们可爱的认真劲给逗乐；⒊这打打杀杀、暴力血腥的画面（曹操生吃的段落也太血淋淋了吧？），要放在美国应该要被分成PG-13甚至是R级吧？外加各种饮酒醉酒的桥段，总觉得有些少儿不宜……,allstar40 rating,2017-09-06 23:22:31,10,Panda的阴影
小曹操演得最好。想拔小董卓的胡子。孩子们都萌翻。,allstar40 rating,2017-09-05 19:50:22,5,王这么
霍比特人版三国，这么多演技在线的小朋友，老夫感到很欣慰啊。,allstar50 rating,2017-08-31 18:07:03,11,杨炸炸
记得之前看过小演员版本的白娘子传奇，这次的三国我真的要笑死了。小演员们一板一眼，学着老者的口气演绎着每个角色，反萌差既视感。就连一个眼神、一个动作，都满满都是戏，长大了真的不会变成戏精吗？还想看更多的作品...我是认真的...,allstar50 rating,2017-09-03 16:02:35,7,CHHHEER33
看好小曹操，这么小演技已经有收放自如的架势了，小樱桃好看是好看，但表情管理和身体语言还有很长的路要走啊,allstar30 rating,2017-09-03 17:59:03,12,宋以朗
小戏骨系列最新力作。我觉得比起去年的白蛇传，小演员们的演技都又有所提升了。尤其是陶奕希和李俊豪，去年就被陶的白娘子所圈粉，今年的貂蝉简直美爆了，举手投足之间都有种范儿；而李从蜈蚣精的反派到奸雄曹操，演技蜕变了不少，曹操那种隐忍和多疑诠释的相当不错。我似乎看到了光明的未来……,allstar40 rating,2017-09-08 21:53:25,2,颂恩
都是妖孽啊 演技那么好,allstar50 rating,2017-09-08 17:23:40,3,言炎
本来是看笑话去看看的，竟然很不错，台词有功底，眼神有戏，最让我惊喜的是打斗，小孩子都是练家子啊。就这水平，很很打了某些剧巴掌。,allstar40 rating,2017-09-02 14:57:13,9,大侠系着红领巾
导演很有想法让一群童真的孩子本色出演，完爆现在那些当红骗钱的渣渣明星！,allstar50 rating,2017-09-05 09:17:03,8,杰洛特
感觉现在的孩子演的都比有些演员演得好,allstar40 rating,2017-09-05 19:33:38,2,我还是个宝宝
近十年来最好的一部柯南剧场版，久违的平和主场，制作组继《迷宫的十字路》之后第二封写给京都的情书。导演血洗前耻，将各种元素恰到好处地融合在一起，有大场面有动作戏有推理有犯人有文化内涵，还有你们喜闻乐见的恋爱线和仓木麻衣演唱的片尾曲。就是这种感觉，柯南剧场版就是应该这样。,allstar40 rating,2017-04-15 23:01:57,187,摩西摩西
因为京都的红叶、大阪关西腔和日本古典文化而注定会成为很有特色的一部。另外，凶手是片头出现在新闻报纸里的戴戒指平头大叔！！！哈哈哈哈哈哈哈哈,allstar40 rating,2017-04-16 02:58:23,106,夏南
非常非常好看。这就是曾经你看的那个柯南啊！1.剧情好 不像去年那种好莱坞动作片 2.重推理 3.本剧核心人物全在 圆子都给原上了 4.画面太美太美了 5.麻衣那首歌简直就让人再把泪花撒出来 最爱的アニメcp!,allstar50 rating,2017-04-15 10:44:58,108,村民
作为一部爱情喜剧看的津津有味。对不起，因为我太喜欢平次和叶了无法客观评价。仓木麻衣的歌很好听。红叶大小姐的包目测是fendi? 明年是讲安室的吧，耶。,allstar50 rating,2017-04-16 20:18:39,62,我说这位阿姨啊
给平次那句“你敢放开我的手，我就宰了你。”加一星，少女心dokidoki。 单身狗被不停秀恩爱的一部，最后片尾太美了。,allstar40 rating,2017-04-26 05:47:32,75,荼
虽然每年槽点都很多，直接看睡着的还是头一遭……打斗爆破的大场面不想舍弃，但又想走走文艺恋爱路线拉拢观众，结果就是开头和结尾的奇幻动作片中间极其生硬的接上了一段莫名其妙的爱情，文艺，推理大杂烩…真要走恋爱路线的话，我宁愿看两小时的新一boy和兰girl回忆篇,allstar10 rating,2017-04-16 19:44:35,65,蓝柠檬
远山和叶个人回。感情线、竞技线尚可，一到推理就让人昏昏欲睡。谁也无法否定大仓崇裕在推理小说领域取得的成就，但很明显他在编剧方面完全是个外行。这种通篇用对话分析案情的写法（多数时候还不是画面＋画外音，而是纯嘴炮，而且是关西腔嘴炮），放在电视剧里倒是不过不失，作为电影简直不可原谅。,allstar30 rating,2017-05-15 19:22:14,33,陆秋槎
被関西弁折磨俩小时,allstar20 rating,2017-04-18 22:19:46,24,豆柴良
比去年略好，恋爱元素和花牌结合的不错，静野孔文的“速度与激情”也有所克制！此外，最后的比赛场地设计非常棒，期待“现实版”登场,allstar30 rating,2017-04-15 16:20:50,54,xxhhcc
近年来剧场版中，最像推理的一次，虽然超人小学生和动作戏依旧。这集的cp，我站服部平次&江户川柯南。,allstar30 rating,2017-09-01 12:29:35,23,kakakarl
比上一部稍稍强那么一点，推理不够爱情来凑，动作戏依旧各种逆天。每看一部柯南剧场版都感慨一次这个系列已经往美国队长的路上远走越远了，你有盾我有球，切开瀑布不用愁。不过歌牌这个点蛮好的，以及你哀戏份少到连一句话都不让说完。,allstar30 rating,2017-08-31 20:19:35,11,痞影人科莱昂
恋爱线大好（本来就不是来看推理的…,allstar40 rating,2017-04-15 19:51:40,43,JUMP!
又是杀错人系列，平和大法好啊，新兰永恒哇,allstar50 rating,2017-08-31 15:56:09,8,西瓜子与冬瓜糖
案情逻辑没听的太懂，反正柯南去的地方该死的人你拦不住，但如果我碰到这种高质量的约定，马上拉去民政局办证，不废话不套路！！,allstar30 rating,2017-09-01 09:21:47,8,潇雨
用平兼盛来描绘平次和和叶的这个点子，实在是戳到我的心窝窝里去了,allstar50 rating,2017-05-09 06:08:32,18,喝醉了他的梦
初秋。京都的红叶真是让人向往。M21终于扳回一城，剧情经得起推敲，重推理才是悬疑侦探片的核心。和叶是得到了未来婆婆的检阅，平次男友力max，不抓紧我，我会杀了你！文化差异，搞不明白歌牌。p.s.片尾依旧仓木麻衣，可惜这集木有基德客串，哀酱也是打酱油的。最后想说航拍京都的实景真好看,allstar40 rating,2017-09-01 12:57:00,3,kiki204629
第一次看柯南差点睡着。。文艺爱情果然不是我的菜2333 花牌的趣味也完全不理解在哪。。所以有我大爱的京都和平次也没法再多打一颗星了。。期待明年的安室！www,allstar30 rating,2017-04-16 21:55:35,19,かめ❤ちょう
一星送给片尾，拍的唯美。关西腔简直听疯了……这么多年了，工藤小兰、服部何叶爱的还是那么青涩含蓄，而我们却在不知不觉中消逝了青春。,allstar40 rating,2017-09-03 16:32:01,3,捕梦
和叶和平次的青梅竹马感情线已经拖沓得够呛，这回又强行加入平次未婚妻红叶，硬砌修罗场，很无耻有没有；追番数十载，套路永不变；越来越怀念以前的细心营造悬疑度的柯南剧场版，而不是如今走马灯过场，令人审美疲劳的无聊凶杀案；看了这么多年，出场越来越少的人物真的越来越得我心，表白灰原。,allstar20 rating,2017-09-02 15:43:22,2,奔兔吉尔
今年还挺好看的！和叶超级可爱，恋爱中的少女！剧情是近年来最丰满的一作，重点放在了戏剧性而不是推理上(但不是没有推理)，所以很容易猜凶手。依旧动作大片，然后动作场面已经看不懂了，反正就是柯南超厉害在天线锅里转圈圈(什么鬼)之类的…京都话真嗲啊…但宫川大辅声音太出戏了差评。,allstar40 rating,2017-04-15 21:07:34,17,Ｓ．
剧情虽然简单，但是两位主演又贱又逗逼，这年头已经不兴男欢女爱了，哥哥你坐船头弟弟在岸上走。（电影里那辆掉到运河里的车，是拍摄意外真的掉进去了，后来还找保险公司和剧组给车主赔了钱233333…,allstar40 rating,2017-08-18 05:20:46,258,李阿斗
本片已确认于9月22日登陆中国院线，在原片长的基础上，仅删减100分钟，并要求12岁以下的观众在家长陪同下观看。,allstar30 rating,2017-08-29 13:12:53,312,康报虹
被局长和他老婆的R级爱情感动到无法自拔——oh my cockroach (with Spanish accent,allstar40 rating,2017-08-21 20:41:18,148,艺仔没公德
哈哈哈是谁说的哥哥你坐船头我在岸上走哈哈哈！这波必须服！,allstar30 rating,2017-08-21 00:11:19,117,Daisy cat
艹！好鬼浪漫！！！没有人能杀死丧基达利！黑塞有情有义有嘻哈！小贱贱表示：局长令我成长，并懂得爱的真谛【并没有,allstar40 rating,2017-08-20 13:36:13,64,飞鸟凉
这部片子好玩的地方就在于，你完全可以猜到故事即将发生的剧情走向，但你依然会兴致盎然的看完整部电影，于是原本俗套的故事在瑞恩·雷诺兹和塞缪尔·杰克逊的演绎下以枪战+嘴炮的形式呈现也变得十分十分有趣，当然两条爱情故事的穿插也融合的恰到好处。但加里·奥德曼无疑是十分鸡肋的一个角色。,allstar30 rating,2017-08-30 15:59:31,59,方枪枪
Ryan Reynold演龟毛丧逼比演死侍好笑！不过总感觉抢了Paul Rudd饭碗,allstar40 rating,2017-08-21 22:40:37,60,王大根
能够把老套的黑白双雄加保镖杀手故事拍摄的如此无脑爆笑又浪漫鸡汤，再配上80年代的老情歌，导演和编剧成功的让欢乐严重的掩盖了暴力和血腥。尽管有不少动作片的常规硬伤，依然强烈推荐。,allstar40 rating,2017-08-27 19:13:19,64,Carf
乐到肚子疼。前排黑人大哥大姐的魔性笑声与杰克逊的交相辉映，为本片添色不少,allstar40 rating,2017-08-19 01:36:49,46,非正常儿童
两星半。加里·奥德曼竟然接了个这么鸡肋的反派角色。,allstar20 rating,2017-08-27 23:20:38,9,痞影人科莱昂
贱到家了，阿姆斯特丹城市疯狂漫游。貌似保镖枪战动作飞车，实际上是老黑哥哥教小白弟弟如何泡妞御妹致胜。以及，白俄罗斯啊，都被黑俄罗斯了。,allstar30 rating,2017-08-27 00:46:20,25,木卫二
三星半motherfucker,allstar30 rating,2017-08-31 00:30:00,24,面条面包面饼
太基(。-＿-。)而且这帮杀手跟John Wick比起来真是太没职业道德了!!! o(*≧▽≦)ツ ~ ~~233333,allstar40 rating,2017-08-18 21:40:51,31,彼岸盆花
娱乐性极强的电影：精致欧洲 霸气武装 给力枪战动作 经典动作片的优秀元素全都继承了过来 配合上不断的笑料和超级英雄式的非人类光环 好不热闹 还很浪漫。 Ryan Reynolds各种帅 河边摩托戏全程替身戴头盔不露脸都被电影自己吐槽了：没见过头盔戴的这么紧的，解都解不开。,allstar40 rating,2017-08-28 08:12:29,22,ZMike
保镖和杀手一路斗嘴惺惺相惜互诉衷肠对老婆的爱才是本片的主题，至于戳破白俄罗斯总统的阴谋，挖出国际刑警的内鬼什么的只是捎带脚儿。搞笑的部分大多数都在预告片中出现了，动作戏不少却多而不精，车船摩托三方人马追逐的那场戏最流畅最好看。某些爆炸的特效看起来稍假。沙马海耶克身材还是那么劲爆。,allstar30 rating,2017-08-18 23:30:44,8,E7EVEN
一黑一白，全程互怼，由敌变友，都是经典套路，但由于演员的缘故有额外趣味: 竟然有人在嘴炮方面压制了贱贱，大快人心。小贱坐在街头喝酒忧伤控诉局长，身后一片鸡飞狗跳，瞬间跳戏到UNCLE里亨利吃三明治身后锤子跟人搏斗，小贱被拷打时局长现身也是UNCLE同款。局长在窗口放花一幕，想起丁典和凌霜华。,allstar40 rating,2017-08-30 19:16:43,11,张天翼
这年头拍动作片不玩点有趣的人物设计或者有个好的音乐品味，好像都无法立足阵脚了哈哈。一向让我觉得”伟光正“的Ryan Reynolds这两年太好玩了...这角色的丧气和喜感和小贱贱一样深得我心！感染得连和Jackson搭戏都是火花十足。本想随便看看就算了，但这份好玩劲还是让我愿意去电影院再放松一把~,allstar30 rating,2017-08-29 22:30:27,7,基瑞尔
多好看啊！这才是直男荷尔蒙娱乐片，内里还有点小浪漫.....#真实的想吞Ryan#,allstar40 rating,2017-09-03 13:07:08,4,朝阳区白百合
所以是死侍和局长一路耍贱打怪最后打倒大boss顺便成全死侍艾丽卡小夫妻的故事。俩人都一路打嘴炮，贱贱还是那一服贱兮兮，局长的笑不要太魔性，也真的是singlehandedly ruined the word “motherfucker”…阿姆的大段车、艇追逐大赞！可惜中间来回穿插回忆略显鸡肋，两个女主的塑造也是抓不住重点。,allstar30 rating,2017-08-29 22:28:19,11,zykmilan
Motherfucker只有在Samuel Jackson嘴里冒出来才叫Motherfucker。,allstar30 rating,2017-08-29 08:27:21,9,幻覺大師
"""Who am I to you"" ""Treasure""",allstar50 rating,2017-05-26 04:53:12,4731,陆嘉辰
好无聊的剧情，唯一感想是，反派杀了那么多人努力了那么久就是为了恢复美貌啊，破除诅咒恢复美貌的那一刻每个反派都抚摸着脸庞露出了欣喜的表情，可见美貌对人类对世界都太重要了。,allstar30 rating,2017-05-26 12:41:55,2372,小烨
说一句，年轻的船长真他妈的帅！,allstar50 rating,2017-05-26 07:57:43,2976,蛋蛋的忧伤
娱乐性还可以，就是剧情一股陈年隔夜饭的味道。迪士尼安利大团圆的心突破天际，难怪最后连船长都一脸嫌弃：噁！曾经貌美如花的德普现在只能搭配小鲜肉来卖片了，soooooooo sad...,allstar30 rating,2017-05-25 17:11:35,1187,同志亦凡人中文站
【C+】这个系列从第一部就有的问题在于，杰克船长是个亦正亦邪又太不正经的人，以至于人物的成长，情感线只能全盘交给配角，那么单靠重复的海上冒险就很容易令人厌倦。新故事新角色都在复刻第一部，找宝藏的线索也很弱，但还好不像4连动作场面的想象力都没了。总的来说适合无脑观众观看，比如我。,allstar40 rating,2017-05-26 02:43:15,1260,掉线
"“如果你要勾搭一个妹子，就别被她的姐妹吸引，如果已经被她的姐妹吸引了，就干掉她的兄弟”全片最佳的是杰克和他的断头台的圆周运动啊真是笑死。还有还有“我是一个钟表学家” “做婊没什么不好意思的…” ……“我到底是你的什么？”巴伯撒的那句“Treasure”真是一个爆哭(；へ：)",allstar50 rating,2017-05-24 14:13:33,1083,ฅ^•ﻌ•^ฅ
真的越来越无聊 视觉效果甚至还倒退了 故事也就是乱编 骗眼泪都没诚意 这个系列可以不用再拍了,allstar20 rating,2017-05-25 22:13:07,805,Alan
《加勒比海盗5：死无对证》特效非常不错，不像咱们倒模居然是用来当替身的。这是一部没有惊喜，也没有太多缺陷的续作，如果你已然熟悉了加勒比海盗剧情的套路，那么其实你很容易便能猜到这部电影剧情的走向，但即便是这样却又不得不说这场五部曲依旧还是拥有着那独属”加勒比海盗“的魅力。,allstar40 rating,2017-05-25 10:06:26,983,电影爱好者
没4那么尬，没2、3那么拖，娱乐性提升。子救父、父救女、Will&Elizabeth10年重逢挺感动，但彩蛋告诉你该系列套路就是把复活的弄死，死了的又弄活，狂打情怀难救缺新意强续集颓势。号称很强的反派废得跟MCU里出来似的。《速5》抢金库遛保险箱，《加5》抢银行直接遛银行，怎么看都像模仿，求别再强拍了！,allstar20 rating,2017-05-25 15:23:15,727,瓦力
有的片子说不清哪里好 就是每一部上映都会看。CG做的年轻船长没有德普叔本人年轻时候帅啊……还有那个girl我想了半天 是skins里的Effy呀!!!,allstar40 rating,2017-05-26 01:47:38,758,元气小姐。
"以为会扑却感觉比预期要好,起码从头打到尾没有尿点。笑点也有,感觉是不坑爹的一部续作,看得出来迪斯尼财大气粗且没有玩票。布鲁姆龙套,奈特丽超级龙套。新男女主颜值担当,却不是我的菜。",allstar40 rating,2017-05-25 05:40:21,454,LORENZO
空洞的笑点、无聊的情节。急吼拉吼把前三部的遗留问题解决，顺便搬了几个老面孔叙叙情怀。传说中的海王波塞冬之墓在这片中搞得像旅游景点一样，随随便便就找到了。片尾彩蛋让人虎躯一震，但又非常吃老本，呵呵，这个系列看来老本要一直这么吃下去了~~~2017.5.11 全球首映礼 上海华特·迪士尼大剧院,allstar20 rating,2017-05-13 08:53:41,349,科林
我就想知道那艘战斗力逆天的鬼船最后去哪儿了。,allstar30 rating,2017-05-26 16:54:58,298,武侠小王子
没有了灵魂的杰克船长也无关海盗与冒险，这样的加勒比海盗是没有必要继续下去了的.连丧妻狂导演诺兰拍的爱情故事都会比这动人.更不用说那用之即弃的父亲们、木偶一般又自相矛盾的配角和反派.这不是一部非常难看的电影，但百分百是部烂片.,allstar10 rating,2017-05-26 02:37:41,278,Nhm0122
难看cry，过了一个小时三个主角才汇合，一个半小时才搞到船，还以为我在看树大招风。,allstar20 rating,2017-05-26 14:36:27,185,阿暖
王大根吐槽说是《老人与海》结果还真出现了小船斗大鱼的剧情，笑惨我了！被抓坐牢，死刑时被救，大冒险顺利，一切都很套路。视效好看，海水分离，年轻版船长好嫩，认父情节是最近的大势？反派的头发一直在空中飘逸，和满神用的同款洗发水么！,allstar30 rating,2017-05-24 10:13:48,228,kakakarl
西班牙无敌舰队还魂 一口咬碎日不落帝国海军 罗宾带队截获海王秘宝 迪斯尼改写历史正文,allstar40 rating,2017-05-26 02:36:49,171,文泽尔
当年的证婚人成了现在的亲家，海盗交际圈真是太小了。,allstar40 rating,2017-05-28 13:59:12,149,伊谢尔伦的风
系列最差。本来以为第四部已经够差了，没想到这一部继续刷新下限，系列最短的两小时时长导致的结果就是除去各种卖情怀之外什么都没有，所有的戏都像是在赶进度。如果维宾斯基不回归，这个系列算是完蛋了,allstar20 rating,2017-05-26 15:38:49,142,舌在足矣
继续消耗德普与原声魅力，剧情套路深似海。,allstar20 rating,2017-05-26 20:52:48,128,纬誺
黄渤是罪犯，为了写新书搜集材料接近家暴女性，想起了小时候母亲家暴的遭遇，动手杀人。为了掩盖犯罪事实，跑去删除记忆，结果删除太彻底，他自己都忘记干过这事儿了。。。记忆重载后，一开始以为是别人的记忆，跑去警察局提供线索，结果记起来的事情越来越多。。。这样是不是更合理？,allstar40 rating,2017-04-28 15:40:50,5263,沈尘
跟段奕宏一撞之下一见钟情的可能性还比较大，跟黄渤这个就……着实不太可能了吧。,allstar30 rating,2017-04-28 14:23:13,5062,王大根
在记忆都可以移植的发达年代依然解决不了不孕不育。哈哈哈,allstar20 rating,2017-04-29 15:26:08,3739,街灯下de狂想
特别想吐槽花房那个人像！！！,allstar40 rating,2017-04-29 13:57:24,4254,谢九郎
四大主演里，黄渤最没争议，段奕宏最科班最“话剧”，徐静蕾虽然也科班，但像是表演课不好好上挂科的那种科班，最惊喜的，反倒是杨子姗，弱弱的一声“代晨姐”，就透出一丝甜腻和暧昧，误导了不少观众。华语片，都像这么拍，就有希望。,allstar40 rating,2017-04-28 23:23:04,3904,扭腰客
為自己的勇氣與野心點贊！,allstar30 rating,2017-04-21 09:28:27,2941,浮出水面的正道
演员表演没有什么问题，但剧本上刻意的为了反转而反转这点很令人反感，设计痕迹很严重，效仿《盗梦空间》《记忆碎片》《禁闭岛》之类的电影不管结构还是情感都透漏着剧作者的投机和自得；交响乐的使用是减分项；整部电影为了形式而形式，情感的处理都是突兀的。创作者还是要多写些打动自己的故事吧～,allstar10 rating,2017-04-23 02:59:01,2461,二月鸟语
黄渤扮演的角色叫江丰，拿错了段奕宏的记忆之后江信江疑，段奕宏拿错了江丰的记忆，在最后要对着徐静蕾举枪的时候因为回忆起他们的恋爱往事导致思想江化，大家一起陷入江局。这不是科幻电影，分明是魔法片……,allstar40 rating,2017-04-28 16:56:05,1607,Roy
陈正道肯定哭晕在厕所：《催眠大师》我解释半天你们嫌多余，这部不解释了你们又说我敷衍观众。,allstar30 rating,2017-04-25 11:30:03,1726,翻滚吧！蛋堡
就……一群操着北京国语的人跑到一个状似殖民地的地方拍了一部以为自己是LAPD的片子，而且舞台感很重（黄渤呆的监狱都可以办展览了吧,allstar20 rating,2017-04-23 17:49:10,865,GuessA
wtf ？！！！！！！就没人关心(伪)姬佬的死活吗？？？？！！！！,allstar30 rating,2017-04-28 21:34:37,917,艺仔没公德
电影比第一部更紧凑，原本是部三星的电影，但由于此类系列在国内简直稀缺到像国家保护动物一样，所以请“大师系列”继续拍下去。,allstar40 rating,2017-04-24 10:05:41,1350,才让才让
妈妈被爸爸打，觉得妈妈很可怜，于是杀了妈妈，不杀爸爸，这个我非常非常能够理解，简直太合理太棒了！但你大爷的，竟然还上瘾了…,allstar20 rating,2017-04-29 22:09:23,902,脸部僵硬患者
振聋发聩的感悟：只有长成徐静蕾这样，才有资格放弃写作，在家专职备孕。,allstar40 rating,2017-04-28 17:19:51,773,熊阿姨
不如《催眠大师》，除了布景美术和制作依然精致外，故事方面就各种绕，以至于最后的反转都极其刻意，虽然导演一直强调要看第二遍，但带着已知凶手的答案，去拼贴那些所谓的细节，来圆这个故事，本身就有点勉强。#配乐弘大的有些做作..另外，段奕宏变成黄渤回忆的时候，真实的令人发笑！#,allstar30 rating,2017-04-23 23:47:10,870,朝阳区白百合
复杂的人物动机，情节一直在凶手是谁的推理上，人物的情感和成长没了，情节太多以致于情感的力度达不到，加上大反派是缺失的，因此这个故事也不可能是高智商，只是在各种绕，拖到最后一秒的大招显得有点刻意。不过小格局的片子很精致，记忆改变人的行为，在人物身份互换的细节上很下功夫，值得二刷。,allstar30 rating,2017-04-21 17:54:19,910,亵渎电影
天啊剧本怎么回事，还不如《催眠大师》。强行科幻，强行误导，强行反转，强扭的瓜不甜。借用文文的话：国产片的烧脑就像自焚。,allstar20 rating,2017-04-28 14:52:49,556,萨库拉
导演很了解豆瓣，本身也是深度影迷，甚至在拍这部悬疑片时都把豆瓣影迷当作交手对象，想着怎么拆他们的招，怎么反转，确实做得很不错。就是音效做得太满（现场有人问这个问题，他听成了音效为什么那么大然后做解释），但能看出导演真的很用心在做类型片。,allstar40 rating,2017-04-20 20:39:06,765,唐朝
第一遍三星，第二遍四星，第三遍五星,allstar50 rating,2017-04-24 07:59:36,783,圣墟
看的时候会有一种博弈的快感，那种熟悉的被主创连环设计与反拆解设计的博弈，我对这样的“设计感”总是比较感冒，跟陈的《催眠大师》比有进步也有小遗憾，整体依然喜欢，华语这个系列可以多拍。,allstar40 rating,2017-04-20 23:50:33,407,心生
每集都要新增常驻，这家的人口快控不住了吧。中规中矩的续集动画，以及——小黄人真是蜜汁体质啊，自己担当主角的大电影不好玩，当配角却能承包所有笑点...,allstar30 rating,2017-06-26 04:24:52,1378,同志亦凡人中文站
看完才发现，一堆学前儿童聚在一块两小时没有笑声原来是一件很恐怖的事。,allstar10 rating,2017-06-30 23:06:10,1410,幻覺大師
今年看过的最神奇片子。总共三条线，一条千里寻亲，一条千里寻独角兽，一条千里炸好莱坞。总共三种想象，失业是可以复职的，智商是可逆的，被无视的人是能够得到关注的。毫无关联，毫不相交，组成一部上至99岁下至9岁都无法相信的魔幻世界。好，我是来听大张伟配音的。,allstar20 rating,2017-06-30 21:51:13,887,李大立
虽然小黄人是配角，但是每次出现，操着一口汉日意大利西班牙语糅杂的小黄人语，就激发萌萌的笑点。阴阳两派的搭档设定，偷钻石路上挺好玩。第一次和学生包场看，体验非凡，恐怖海峡音乐响起尤其振奋。另外现在豆瓣评分越来越苛刻，仿佛打高分就会显示口味大众不高端？但是一些文艺片烂成渣渣还捧上天？,allstar30 rating,2017-07-02 10:41:23,1310,刘小黛
黔驴技穷强行续集，各种尬舞想复制《欢乐好声音》的成功？连小黄人都变得这么无聊了，大概也只有铁杆真爱粉才会硬撑看完并强行从嘴角挤出母爱般的微笑吧，尽管这个孩子已沦为了圈钱工具，远不如初生时那般可爱。,allstar20 rating,2017-06-24 13:19:48,792,痞影人科莱昂
一开始看豆瓣分这么低吓死我了2333...还好来看了，我觉得还是好好笑，天啊dru太可爱了哈哈哈哈..,allstar50 rating,2017-07-04 12:12:45,1104,超高校软体动物
与功夫熊猫3类似，回归第一部架构的一部续集。优点还在，但是现在这个年代，大家认为不超越就是平庸。,allstar40 rating,2017-07-01 15:57:36,707,EC@Star
看点是向特摄片致敬和最后尬舞大战，重点放格鲁两兄弟，小黄人成了刷存在感的摆设，与外传疯狂榨取其贱萌价值的做法呈两个极端，80分钟一主两副三条线，结果没一条出彩，笑点硬撑，无聊透顶，这类故事创意均已匮乏，只凭个人气角色就硬拍续集的系列真没必要继续了。烂番茄开局89%简直不可思议。4/10,allstar20 rating,2017-06-17 17:48:20,434,瓦力
Mel的监狱回忆我简直要哭了呢。,allstar50 rating,2017-06-30 17:02:52,319,11
偶尔好看，整体难看。和一群小朋友看，难得的没有以往的吵闹和嘻嘻哈哈声，笑声加起来也就两三次，第一次在照明娱乐三个小黄人搞笑的桥段上，剩下的也还都是在小黄人出来的时候。兄弟情、斗坏蛋和小黄人等几条线没有一个好玩的，整体用力平均，没啥侧重点，失望！,allstar20 rating,2017-07-01 16:37:47,370,方枪枪
音浪太强不晃会被撞到地上(≖‿≖)✧ 真希望Agnes永远都不要长大。,allstar30 rating,2017-06-25 02:38:45,338,李阿斗
哪有说的那么不堪啊…看的点映坐满了人，虽然没什么全场都在爆笑的情节但还是有一些有意思的桥段的，可能也是1实在太棒了作为后续很难再超越…支线有点多而时间不够长确实显得有些情节很薄弱…找到几处彩蛋很开心嘻嘻,allstar40 rating,2017-07-01 16:48:44,327,刘大怪提不起劲
这个系列的价值已经被吸干了，真的没有再拍下去的必要了。这一部的故事乱七八糟，支线多到自己都讲不完，连小黄人奋力卖萌也得不到影院里的半点笑声，这是一个多么可怕的事实！主创居然还用大反派来讽刺好莱坞，你们把电影拍成这样还有脸讽刺别人？先照照镜子看清自己吧。,allstar20 rating,2017-07-04 10:28:58,180,饮歌
为了卖玩具和周边，新角色越来越多，每个角色还要给戏份，结果格鲁兄弟情的主线被各种支线冲击的支离破碎，偷钻石的主线都快沦为摆设了，只是编剧自己快要写睡着的时候，拿出来提醒一下自己，戏剧任务还要偷钻石。小黄人的戏越来越想，以后想看小黄人，只能等小黄人番外篇的续集了，出品方真奸诈。,allstar20 rating,2017-07-07 14:59:20,144,亵渎电影
太好了Gru，我知道你再也不会孤独了。,allstar50 rating,2017-07-06 17:12:17,151,木由
主黑MJ，兼黑肥宅和欧洲人。好好笑，一扫照明娱乐前两部的颓势，果然好料都给主菜留着呢。最可爱的是大反派，童星出身，八十年代的pop star，一言不合就斗舞，怀旧金曲crossover哥斯拉，十分kuso。,allstar40 rating,2017-07-01 17:05:00,104,m89
很好看呀  小黄人你们都想讨论出点人生意义吗。。。。看完立刻去吃了麦当劳套餐,allstar50 rating,2017-07-05 07:28:46,126,贪睡神兔
这样敷衍了事的剧本真让我有种想打人的冲动，为了卖周边已经到了胡闹的地步，唯一的看点是一些八十年代的元素大堆砌，如舞厅灯、健美操、MJ、金曲串烧。。。。。。其他的，就不值得说什么了。,allstar20 rating,2017-07-07 22:03:47,72,妙可中国
ᕕ(ᐛ)ᕗ变身!毕竟都是小黄，满分，无解呀！,allstar50 rating,2017-07-07 23:53:51,88,小黄鸭
"1.又是3D，看着好累眼，建议看国语配音版，无论大人还是小孩。
2.好莱坞这种续集无限开发模式，越来越创意乏力，沦为圈钱的系列电影了。
3.小黄人戏份很少，卖萌的桥段自然就少了，电影可爱起来有点吃力了。
4.唯一惊喜的一点是拖格瓦拉的福，见到了大张伟大老师，比小黄人还可爱，哈哈。",allstar20 rating,2017-06-30 18:31:36,72,津五渡
7分。一部全方位、无死角、慢镜头展示“盖尔·加朵真美啊！“的电影。,allstar40 rating,2017-06-01 07:22:35,7372,桃桃淘电影
四肢发达头脑简单一心想拯救世界的圣母，抱歉这样的女性角色一点也不可爱，跟女权更是八杆子都打不到。其他女配角也不过是男人婆、巫婆、负责搞笑的胖女人（唯一可爱的角色是男主角），在当下的社会和工业语境拍女英雄，感觉女导演自己都很迷失。,allstar20 rating,2017-05-30 21:56:18,4122,萨库拉
确实好颜好腿，但还是拉不动拖沓生硬的剧情。人物形象单薄，从头到尾大爱无疆，没有弱点没有改变。超级英雄成为英雄之前先站住成为一个有血有肉有感情的人物好吗。出岛前每一段情节过度都非常突兀，一些台词极度中二，即使对英文容忍度较高还是不忍直视。所谓的笑点全场下来笑不过三次。真的不如漫威…,allstar20 rating,2017-05-31 02:44:35,4057,饼子
【B+】沃日太好看了！而且非常难得的是，电影并没有在经历DCEU几番口碑失败后向漫威靠拢，反而是在扎克施耐德打下的原有主题基调下做的更好更成熟。不再功利十足的消费漫画角色，不再急于求成的胡塞海填，从头开始，稳扎稳打认认真真讲述一个异族英雄的成长故事，这TM才是观众想看的DC电影啊！！！,allstar50 rating,2017-05-31 22:13:51,3623,掉线
一部极度平庸套路的流水账。DC的不思进取让人失望。无任何惊喜可言，相反让人出戏的Bug层出不穷。在孤岛与世隔绝对人类社会一无所知的神奇女侠居然知道土耳其等国家及其语言。其读的书又从何而来？一人一盾就能吸引全部火力？反派身为战神竟如此羸弱不堪，实在大跌眼镜。女主很美但片子很水。两星半,allstar20 rating,2017-06-01 13:46:20,3028,汪金卫
非常惊喜，这位名不见经传的女导演给所有男性导演上了一课：如何在保证场面和视效的前提下，兼具大爱和小爱。感情戏拿捏的恰到好处，最后的大战效果也不错，旁边的妹子一直在抽泣，这次终于为DC扳回一城。不过最大的缺憾在于，最后反派的扮相真的丑爆了，瞬间出戏…以及，评论里说圣母的都什么思想…,allstar40 rating,2017-05-31 21:59:35,2970,痞影人科莱昂
是因为DC前几部扑得太惨烈了，所以一点点进步大家就集体高潮了吗？故事其实蛮一般的啊，说好的大女主电影结果被男主硬生生抢了一半的戏。当然加朵女侠实在太美了，不是美而是帅！打斗戏尤其帅！！女侠V587收我膝盖！！！,allstar40 rating,2017-06-01 09:50:49,2211,同志亦凡人中文站
黛安娜，你不仅拯救世界，也拯救了DCEU！豆瓣和IMDB分数差距太大，短评纯粹是为了黑而黑！你们有些人是被漫威电影看傻了吧？吐槽语言的，雷神为什么讲英语？银护全宇宙通用英语吗？说剧情幼稚的，比跳尴尬舞还幼稚？一神持一盾为什么不能吸引火力？双标党滚粗！漫威粉只是单纯地痛恨DC吧！,allstar50 rating,2017-06-01 03:40:49,1988,AdaWang
神他妈DC在漫威面前小儿科，评论区就不该看，真的好意思拿出了三部的美队，钢铁侠和即将三部的雷神，两部复仇者，两部银护，等一堆X战警系列跟电影刚起步的DC比，为什么不拿奇异博士，蚁人跟神奇女侠比。非要踩一捧一，这么优越的吗。既细腻又超燃，导演已经很棒了嗯！神奇女侠超coooool！,allstar40 rating,2017-06-01 11:33:23,2091,LvZong
DC新片头酷炫惊人！Gal真是最完美的神奇女侠！古希腊女神般健美身材和完美雕饰略古铜色的脸庞，每处特写亮眼惊艳，每处战斗都呐喊出女人撼天动地的力量！《Is She With You》配合单打独斗的女侠凌厉迅猛斩向德军的镜头看得我飙泪了！迫不及待想看神奇女侠单挑超人(啥)和《正义联盟》！派派好催泪QAQ。,allstar50 rating,2017-05-31 23:28:10,1895,何婊砸
满满槽点不知从何吐起、感觉编剧是小学生导演是中二病配乐是懒癌、战争戏拍的就像是开玩笑（一个盾吸引全部火力你敢信、男演员丑、一张前番里的破照片拍了一个半小时、台词特别水、女神变身仪式太朴实无华了、女神还是美但是再也不酷了,allstar20 rating,2017-05-31 16:54:04,1259,虎哥
,allstar50 rating,2017-05-31 22:59:43,1683,Coachella
为什么一部超英片最后拍的如此柔软又煽情TAT 预告片完全没有泄露，最后被击中内心柔软没有一点点防备，第三幕情感上的饱满和升华完全弥补了其余不足，好久没看这种传统超英片，曾经沧海难为水，返璞归真。这才是超英的古典之美！ps：DC新logo赞！完全致敬了正义联盟动画的经典开场,allstar20 rating,2017-06-01 17:54:29,1188,搞事的豆豆
"好久没看过这么难看的超级英雄片了....上次看超级英雄电影觉得“这特么是什么鬼”的时候应该是看铁人3最后一堆铁人在天上炸烟花那段，简直同样的一脸懵逼
最后大boss跑出来莫名其妙，我是少看了一段吗请问
真是白瞎我卢平教授了，这么低能的反派，千里送人头，然后死于话多，简直在逗我",allstar50 rating,2017-05-31 22:10:15,1153,高等游民阿朽
女性导演果然是摸的清女性需求，女主美的没法嫉妒，打架招式漂亮。全程都在脑补“峨眉派掌门救了抗日小将赶跑小日本”的故事。毕竟有点“影迷”包袱，怎么能在“男主赴死前交给女主信物且说了句我爱你”这种场合落泪呢（眼泪珠子打了好几圈滚回去了）。,allstar20 rating,2017-06-01 00:39:24,922,法兰西胶片
开篇平庸，中段因为向漫威看齐所以还蛮有趣，但第三幕，特别是从俩人上完床之后开始整段整段垮掉，穿晚礼服还背着大宝剑你屁股不淌血吗请问！看着朋友圈大批大批感动，有点吓尿，没感觉你们最近过得很苦啊…最后你们渴望的女权都纯扯淡，“相信人类充满爱”这明明是男权对女性最low的想象。,allstar10 rating,2017-06-02 03:14:48,932,ZeonGin Sou
容在下说句大实话：这片，极其，烂。满腔热情的0点场，却遭遇连场大雨：拖沓生硬的流水账出场，无聊没趣俗套的世界中心呼唤爱【超蝙设定不是对人类的失望？你才不是伟光正的WW！】，强行炫技失败的无谓平行剪辑，四流页游般的BOSS战，从头到尾充斥着低龄的尴尬！这货能对得起盖尔加朵的努力吗？？,allstar50 rating,2017-06-01 00:00:13,770,旧书君
第一感觉是Bright，仿佛不在DCEU。奠定亲民基调。它很好，不仅仅在于女性英超，也好在它就是一部普适改编的起源开篇。这点就值得满分。公主的每套衣服都帅出血、派派全程明目张胆开车、阿瑞斯的人设反差达成预期。对了对了，DC的LOGO新片头甩M家综艺节目片段集锦几条街！,allstar40 rating,2017-05-31 23:13:41,738,CyberKnight电子骑士
太惊喜了！至今为止年度最好看的超级英雄电影！剧本细腻，角色丰满，叙事流畅，场面动作漂亮带感。超级英雄电影拍成这样基本没啥遗憾了。女导演果然气质独特。故事讲得不疾不徐，有大量感情铺垫和细节支撑，丝毫不干瘪。影片特别女性视角，比如女主角救男主角，女主角看男主角洗澡…唯一不足是反派单薄,allstar10 rating,2017-06-04 13:02:40,499,frozenmoon
手撕鬼子+伪女权+超级英雄+反战情怀…一切投机元素的集合。女主角被塑造成既性感又呆萌的形象，有着成熟的肉体和连雪花都没见过纯洁，这本身就是男权视角的，还非要表现得特别女权化。用护腕挡子弹可以被接受，如果中国导演拍一部孙悟空用金箍棒挡炮弹，想想会被喷成什么样?,allstar20 rating,2017-06-02 03:45:56,434,seabisuit
谁有死亡笔记？片尾有从导演到演员的名字。,allstar10 rating,2017-08-26 16:12:33,261,哼哼.竺
日本中二少年拿到死亡笔记后想到的是成为新世界的卡密，美国二逼少年想到的是快告诉那个身材很棒的拉拉队队长……小畑健和大场鸫脾气真好啊，在试映会上居然没有跳起来骂娘……,allstar10 rating,2017-08-26 16:47:10,106,路西法尔
夜神月气得从棺材里跳出来，在小册子上写下Light Turner的名字……,allstar20 rating,2017-08-26 13:45:34,83,蛋挞
好蠢的Kira，好丑的硫克，好黑的L。不按原作剧情走是明智的，不然会感觉更糟吧。,allstar20 rating,2017-08-25 23:09:00,55,颜落寒
……你也配叫【基拉】？,allstar20 rating,2017-08-25 23:57:39,55,蚂蚁没问题
一个洗成黑人一个洗成白人，够任性的啊？当然剧情也很制杖了，男主看到死神后尖叫的鸡嗓子雷死我...,allstar20 rating,2017-08-27 03:58:55,27,同志亦凡人中文站
虽然压根没抱多大期待，看罢还是难免的失望，如此平庸的翻拍，终究还是朝着最不想看到的方向去发展了，离奇古怪的死法成了最大的噱头，整个一低配版《死神来了》，DN系列最大的看点本是逻辑的博弈，智商的较量，结果每个人就只会歇斯底里的大吼大叫…毁了L那么讨喜的人设…迷离梦幻的复古风配乐加一星,allstar20 rating,2017-08-26 21:24:35,16,W3IQ7≯
太美不日！剧情弱智！还有个歇斯底里的L？are you fucking kidding me？,allstar10 rating,2017-08-27 11:33:19,15,Ron Chan
天将降笔记于斯人也，必先苦其心志，劳其筋骨...网飞这次选角太不走心了，全程心疼威廉·达福,allstar20 rating,2017-08-25 22:28:06,12,痞影人科莱昂
一切都那么廉价……,allstar10 rating,2017-08-26 02:42:33,16,AriesSo
果然是老美，上来就爆头穿喉。反社会人格被掰成原生家庭隐患，月有这么蠢，要死神手把手教，还会被美色诱惑，乖乖交代dn秘密？L一出场更是画面全崩，日语アクセント拿去喂狗了，垃圾R级片，还我萌萌哒硫克！,allstar10 rating,2017-08-26 01:31:51,25,unnanae
我操你妈，这什么反智的剧情，编剧到底看没看过原作，就算看一眼原作简介，也编不出如此神幻的剧本吧？男主跟硫克都丑成一逼，黑L时常饱含口水，求你们别拍第二部了！,allstar10 rating,2017-08-26 01:10:21,20,妖一
寡淡无味的美式校园偶像剧,comment-time ,2017-08-26 15:50:44,12,AMY园
Netflix砸招牌的一次，烂！透！了！,allstar10 rating,2017-08-26 09:43:13,10,baburuzu
好傻好冲动的Kira啊，好蠢好鲁莽的L啊，好让人上火的剧情啊，空套一个Death Note的壳却没有魂，还不如拍得猎奇一点，类似《26种死法》或者《死神来了》这样可看度还能再高一些。,allstar20 rating,2017-08-26 12:58:52,11,Lotte-F
看过的最佳真人版，把中二原著拍成了普法教材。剧情专注于人治和法治的优劣比较，不拖泥带水：初次见面L便一句话指出基拉的逻辑漏洞，基拉和女友在硫克（欲望）的煽动下迅速从“正义”滑向对死亡笔记（权力）的追逐。制造节奏和气氛的音效处理是亮点。,allstar30 rating,2017-08-25 23:13:39,12,小J²
这哪是《死亡笔记》，这分明是《死神来了》；各种花样翻新的死法，美日完全不同的价值观。日版L与夜神月是天才与天才之间卓越巅峰的头脑战争，美版则是心理变态高中生对使人花样致死的恶趣味迷恋；为了接地气把情节人设改得面目全非，最后剩下的其实就只有【死亡笔记】这本小本子了、、,allstar20 rating,2017-08-29 12:42:16,2,奔兔吉尔
美版死亡笔记的风格比较怪异呀！硬生生地给拍成了多重拼接的美式拼图，尤其是那几首爱情歌曲配乐，太诡异了。,allstar20 rating,2017-08-26 14:56:58,4,空语因明
看了预告竟然有点期待//////看完之后，我错了，黑人 L 神态宛若智障,allstar30 rating,2017-08-31 15:09:51,0,犇赑猋靐矗麤毳
改动很多，完全的青春电影向。没看过原作的话大概是可以给个合格分的，但与原作对比就太吐血了。主角太青（chun）春，L的萌点几乎全没，女友烦人，管家挂得冤，看得吐血。,allstar20 rating,2017-08-26 11:08:28,6,nikki
你国的科幻片，远不及我国的历史片来的精彩。,allstar30 rating,2017-08-21 15:38:04,487,哼哼.竺
民众不就是这么好骗吗？都不知道短评在说些什么。你应该质疑的是一段烧小孩子的视频就能让盘踞顶端三十年的领袖下马，毕竟这才与我们这个世界的规律不相符合，不是吗？？,allstar40 rating,2017-08-20 14:06:24,228,正在
中文片名翻译为“超生游击队”简直碉堡，还以为是宋丹丹、黄宏演的,allstar30 rating,2017-08-11 17:06:33,288,W&D
作为中国人看这个设定，觉得太搞笑了。这帮人穷极脑细胞，最多也就想出来一个把超生的孩子冷冻这么个桥段，还佩戴手环检查是否独子。我们这里随便哪个村子对付这些的办法都能把那帮老外吓死。三流反乌托邦的幻想和有些地方已经发生过的现实相比，根本不值一提。,allstar20 rating,2017-08-20 23:51:14,165,frozenmoon
葫芦娃，葫芦娃，一根藤上七朵花。抛去那些扯淡的剧情，我对反乌托邦电影最大的不解就是，为什么科技那么发达，却不会种地。,allstar20 rating,2017-08-19 13:03:18,163,阿冉
据说上班族和学生党对本片十分感兴趣，纷纷表示猎杀星期一刻不容缓。,allstar30 rating,2017-08-20 20:45:30,211,康报虹
葫芦姐妹大战计生委。女主角演技神爆发，应该拿七份片酬。,allstar50 rating,2017-08-19 17:17:39,175,KevinZii
平行宇宙吧，反正肯定不是我们这个社会发展出的近未来：民众不但好骗连小孩深度睡眠了都不知道要看一眼，吃不上饭还坚持多生孩子，又饿孩子又被带走连抗议都没有；食物短缺，女主都吃挪威老鼠肉了，政府却不知道实行配给制...唯一亮点就是劳米姐姐演七个人,allstar20 rating,2017-08-20 00:25:12,55,猫咪建筑师
什么国家连续执行三十年一孩计划还没缓解人口爆炸？这人口基数得有多大？这么大的人口基数居然没引起战争和瘟疫？,allstar20 rating,2017-08-21 16:16:29,55,沉甸甸
很有趣的设定，但是故事编得太糟了,allstar20 rating,2017-08-19 22:03:28,81,mark
我国多年国策笑而不语。剧情漏洞百出（反乌托邦的通病），但所幸整体节奏还是控制得不错。会电脑一定能活到至少第二幕结束。一人分饰多角够拼不过完全达不到黑色孤儿那种逆天水平，倒是威廉达福突然变正常之后迷人得一塌糊涂。,allstar30 rating,2017-08-06 08:05:49,71,Lycidas
搞基就能解决的问题偏要搞这么复杂。,allstar20 rating,2017-08-20 17:24:13,55,硬搞
还真不一定是科幻。,allstar40 rating,2017-08-21 00:11:15,40,等一个人
食物供给可以理解为有工作有钱就能买到（无配给制或配给制下能在黑市买食物），但我就问，购物扫描识别码，就没人发现这妹子每个月要买7人份的姨妈巾或棉条？达福外公撑死了能多买一人份而已。概念不新，bug无数。网飞的投资太好骗了。各国应向天朝学习计划生育的先进性经验。,allstar20 rating,2017-08-22 11:41:28,22,龙龙-FazoR
两星半。和网飞最近拍的大多数电影一样，噱头远大过内容，加上这个概念并不新鲜，因此可看度被大大削减。,allstar20 rating,2017-08-19 12:27:18,15,痞影人科莱昂
剧本这么烂还拍的这么认真，真是不容易。一星给诺米,allstar10 rating,2017-08-20 13:19:20,21,惨绿青年
噱头型电视电影。,allstar20 rating,2017-08-19 19:34:54,17,Creep_
Netflix的新片，剧情基本上都是在漏洞百出的情况下完成的，有一个反乌托邦的设置，最后浪费了一切设置。女主角的一人分饰七角，七姐妹的性格塑造方面还不如一美的23个人格分裂。,allstar10 rating,2017-08-23 18:48:18,17,亵渎电影
网飞搞得东西还真是拍一部烂一部百试百灵，就想看你们宣布的30个新项目还能烂完不.......以及干脆改tag叫Watch Netflix and 翻白眼 比较合适,allstar20 rating,2017-08-19 20:11:58,8,Kelsey_
结尾什么意思？Monday 到死时良心发现希望所有孩子都能存活？然后剩下的两姊妹还一脸欣然地觉得帮 Monday 完成了夙愿？其他姐妹死了就死了？,allstar40 rating,2017-08-19 16:31:47,20,fangdaj
男主长得太恶心了 皮肤超差一脸坑 嘴巴像含着dick一样 演技浮夸 还爱翻白眼 一脸死了妈的表情 说话口音想吐 好好一部片被他毁了 这应该是我看过的最恶心的男一号 没有之一了,allstar30 rating,2017-08-03 12:34:19,343,lionart
,allstar50 rating,2017-06-15 21:51:50,595,Dick8045
最後以一個鬼故事結尾，那故事本身極老梗，老梗到都忘了最髒不過人性，拆開裡面全都是黑的。片子反轉多次，動能都來自於他先讓人看到人的善良與正直，最後卻又全部反過頭來跟你說，嗯其實之前只是跟你開開玩笑。這群人共同羅織了一個鬼故事，遠比真有鬼的還恐怖。,allstar40 rating,2017-07-30 22:07:14,367,方枪枪
完成度很高，剧情发展和翻转也都颇具想象，可以当作是另一种话语情境下的“罗生门”，立场指向叙事。导演将一个雨夜交通事故与颇多人物巧妙的联系起来并成功圆满的收尾，每个人都是迷局里的一员，无人可以逃脱。最喜欢的还是整部片子写尽人性之恶，足够黑暗。,allstar40 rating,2017-08-03 23:09:32,231,内陆飞鱼
不错，惊悚片完成到这个程度，对华语电影来讲真是一个奇迹，故事编圆了，一再反转却不跳脱，人物之间设置了一层细密的网，都是一条绳上的蚂蚱，不过，因为太追求“设计”和关联，所以略显刻意，逻辑性、合理性差了一些，人物感染力也就弱了，李安儿子李淳这次有爆发力。四星推荐。,allstar50 rating,2017-07-30 11:45:17,368,文森特
牛逼牛逼牛逼，妈的这剧本神了，拿好这是我的膝盖,allstar40 rating,2017-06-23 16:23:11,246,桃桃淘电影
7。剧本很用心，把几条线混在一起，而且做了不少设计。剧情与角色的反转也都有惊喜，可看度还不错。,allstar40 rating,2017-08-05 01:09:10,211,哪吒男
没有好人，拒绝真相，直面黑暗的台湾电影是不是当前异常光明健康的华语电影世界最后的“净土”。,allstar20 rating,2017-06-24 10:09:41,107,深津奈留
这片会上院线。重点是片不行。悬疑或黑色犯罪片定位不准，技巧又很差，悬念设置无惊喜，前40分钟还有点悬疑色彩，后面全是犯罪者们争先恐后跳出来自白，犯罪部分也没力度。院线大概会扑。|以上仅针对上影节放映。看了完整版，差别太大。完整版可以改到4星。,allstar30 rating,2017-07-29 09:03:35,96,痞影人科莱昂
算不上烂，只是拍法太俗套了，尽管多次反转增加了影片可看度，开头的夜雨也不由想到前年的《烈日灼心》，而《烈日灼心》的高明之处在于一开始就把罪犯甩给了你，而本片不过是导演自己一厢情愿的数次推演，如果你看得够仔细，随着几位主角关系的铺开，你会发现导演苦心经营的多次反转其实也不过如此。,allstar40 rating,2017-04-19 17:15:27,145,陆支羽
3.5。1.碎镜之眼，惊艳！2.李淳这一次贡献了深藏不露的惊人演技，庄凯勋的角色则让我想到陈果镜头下的李灿森。3.窥望式摄影，碎片化剪辑，以及略烧脑剧作，数度反转很厉害。4.程伟豪导演好年轻！,allstar30 rating,2017-08-07 20:10:35,61,掉线
【C+】只有解谜，没有设迷，让故事只剩下结构，全无悬念迭生的快感。,allstar40 rating,2017-08-10 23:25:41,73,亵渎电影
导演用两个小时讲了一个非常复杂的故事，剪辑模糊了时间线，配乐让观感更加躁动不安，各种倒叙插叙，情节不断反转，这样的剪辑方式，既保证了情节的快速推进，也方便填补故事线的漏洞，人性随着真相的解开，也在不断黑化。这不再是一部普通的类型片了，而是不折不扣的作者电影，这位台湾新导演够硬！,allstar40 rating,2017-07-31 21:55:26,68,frozenmoon
翻转翻转再翻转，好人还是坏人，不过在人性的闪烁瞬间。所有人演技都在线，自然又生动。,allstar40 rating,2017-06-21 15:39:04,83,徐若风
电影节看的唯一华语片（因为怕台湾惊悚上不了院线），结果汉字简化完善，还加了迎合内地价值观“自首”结尾，看了龙标阉割版，不免泄气。和导演处女作比，制作水平脱胎换骨，繁复的七八次反转都能清晰地圆回来，节奏气氛一路吊着。李淳的表现亮眼。可惜太依赖于巧合，人物也有点写崩。#二刷完整版4星满,allstar40 rating,2017-06-23 18:27:49,70,释凡说影视
程伟豪不愧台湾惊悚片新高手，从车祸目击牵扯出九年前凶手、酒驾逃逸、师徒偷情、绑架、强奸性奴隶、撕票一应俱全，跌宕起伏、反转频繁、惊心动魄，庄凯勋全程黑眼圈猜疑侦破，心理悬疑绝佳，后面一黑到底，所有人都有污点、罪恶、阴暗面，男一讲鬼故事冷笑话结局，不禁让人脊梁发凉，坏淫三观尽毁,allstar30 rating,2017-08-06 19:38:24,26,易老邪
剧情刻意追求精巧，编排痕迹太重，人物行为动机过于牵强生硬。,allstar20 rating,2017-03-24 00:55:09,36,圓心
劇本有種寫到哪才在想怎麼解決之感，動機和懸念的處理粗糙，氛氣賣力做足，但略欠說服力，2017.03.08@京都,allstar30 rating,2017-08-05 00:50:58,35,一匹马赛克
电影拍的用心，小惊喜不断，但是！评论区吹捧的也太高了，罗生门式的叙事和不停反转导致逻辑问题不胜枚举，要不是分数这么高真的看不下去，且也能猜到这些配角们肯定各自有戏，李淳的演技有提升但明显也差很多好吗！好的电影值得肯定，但是这么抬高实属夸张，还类比追击者..我的妈呀。期待导演新作！,allstar40 rating,2017-06-23 20:22:25,42,木卫二
过多反转与闪回，几乎要闪瞎一众人狗眼，黑天黑地黑得入骨，导致电影放弃人物角色塑造的前世今生，沦为吊着观众好奇心的功能人物，快感一时爽。没有好人，或是一般好片。难做好人，则需要更上一层楼。那么积极去查自己的家伙，太讨厌啊,allstar30 rating,2017-08-05 00:10:35,52,大島
